<?xml version="1.0" encoding="UTF-8"?>
<!DOCTYPE suite SYSTEM "http://testng.org/testng-1.0.dtd">
<suite name="Sanity">
	<test name="Test">
		<classes>
			<class name="com.clario.ss.sanitychecklist.ImageSearchAccessControl_SS6338" />
			<class name="com.clario.ss.sanitychecklist.ImageSearchSearchResults_SS6339" />
			<class name="com.clario.ss.sanitychecklist.ImageSearchViewImages_SS6340" />
			<class name="com.clario.ss.sanitychecklist.ImageSearchDownloadImages_SS6341" />
			<class name="com.clario.ss.sanitychecklist.ImageSearchLogAccessControl_SS6342" />
			<class name="com.clario.ss.sanitychecklist.ImageSearchLogPageResults_SS6343" />
			<class name="com.clario.ss.sanitychecklist.ImageSearchLogFilterTest_SS6344" />


		</classes>
	</test>
</suite> 